Date,Mnth,Hr.,Min,Sal,Name,Reg,Sec,Roll,UID,Email ID,Pwd
19,Feb,10,0,Mr,AAKASH BABU L.S,921314205001,A,1,ita1,aakashls97@gmail.com,99
19,Feb,10,1,Ms,B ABINAYA,921314205002,A,2,ita2,abinaya22071997@gmail.com,85
19,Feb,10,2,Ms,S AISHWARYA,921314205004,A,4,ita4,aishust96@gmail.com,87
19,Feb,10,2,Mr,S P AKSHAY KUMAR,921314205007,A,7,ita7,akshaynaren96@gmail.com,59
19,Feb,10,2,Ms,A G AKSHAYANIVASINI,921314205008,A,8,ita8,akshayajpguna@gmail.com,77
19,Feb,10,2,Ms,T AMBIGAI,921314205010,A,10,ita10,ambigai.777@gmail.com,65
19,Feb,10,2,Mr,G.AMBRISH,921314205011,A,11,ita11,ambrishroky@gmail.com,90
19,Feb,10,3,Mr,P. ANBOLI,921314205012,A,12,ita12,anbolikarthik1997@gmail.com,107
19,Feb,10,2,Ms,D ANITHA,921314205013,A,13,ita13,anithadharmar106@gmail.com,39
19,Feb,10,0,Ms,M ANUPRIYA,921314205014,A,14,ita14,anupriyam@psnacet.edu.in,84
19,Feb,10,3,Ms,M N ANUPRIYA,921314205015,A,15,ita15,mnanupriya@gmail.com,43
19,Feb,10,0,Ms,S ARCHANA,921314205016,A,16,ita16,archu.viji17@gmail.com,102
19,Feb,9,59,Mr,P ARIVAZHAGAN,921314205017,A,17,ita17,arivazhagan.ary@gmail.com,60
19,Feb,10,1,Ms,A ARULMOZHI,921314205018,A,18,ita18,tamilaruna1996@gmail.com,69
19,Feb,10,0,Mr,M ARUNKUMAR,921314205019,A,19,ita19,arun.hb02@gmail.com,99
19,Feb,10,0,Mr,ARUN KUMAR,921314205021,A,21,ita21,arunkumar9791@gmail.com,78
19,Feb,10,7,Mr,M.ASHOK KUMAR,921314205022,A,22,ita22,ashok.hb034@gmail.com,11
19,Feb,10,0,Ms,ASMIDEV,921314205023,A,23,ita23,asmithaasmi4@gmail.com,43
19,Feb,10,2,Mr,AYYANAN,921314205024,A,24,ita24,ayyanan24@gmail.com,103
19,Feb,10,0,Mr,BALA,921314205025,A,25,ita25,balamadurai1996@gmail.com,11
19,Feb,10,3,Mr,B BENITON,921314205026,A,26,ita26,beniton510@gmail.com,101
19,Feb,10,0,Ms,K BHOJINI,921314205027,A,27,ita27,bhojinikathiravan@gmail.com,30
19,Feb,10,3,Ms,G BOOJITHA,921314205028,A,28,ita28,boojitha96@gmail.com,36
19,Feb,9,59,Ms,J S CHINTHANA,921314205029,A,29,ita29,jsjayashruthi176@gmail.com,99
19,Feb,10,1,Ms,P.DEVI,921314205030,A,30,ita30,karpagasris@psnacet.edu.in,46
19,Feb,10,4,Ms,K DHARANI,921314205032,A,32,ita32,jeyadhara23@gmail.com,88
19,Feb,10,1,Ms,S DHARANI,921314205033,A,33,ita33,dharanisubbaih@gmail.com,22
19,Feb,10,2,Mr,B DINESHKAR,921314205034,A,34,ita34,dineshkar08@gmail.com,18
19,Feb,10,6,Ms,A DIVYABHARATHI,921314205035,A,35,ita35,divyaarjun26199706@gmail.com,66
19,Feb,10,0,Ms,DHIVYALAKSHMI,921314205036,A,36,ita36,dhivyalakshmidl96@gmail.com,43
19,Feb,9,44,Ms,R GAYATHRI,921314205038,A,38,ita38,gaurauk9@gmail.com,47
19,Feb,10,4,Ms,DEVASMI,921314205039,A,39,ita39,devchandran123@gmail.com,10
19,Feb,10,1,Ms,GEETHA,921314205040,A,40,ita40,geethageenu12@gmail.com,77
19,Feb,10,1,Mr,K GOKULRAJ,921314205041,A,41,ita41,kgokulraj1994@gmail.com,103
19,Feb,9,44,Ms,GOWSALYA,921314205042,A,42,ita42,gowsalyam@psna.com,22
19,Feb,10,5,Mr,R.HARI,921314205044,A,44,ita44,hariramjee96@gmail.com,32
19,Feb,10,1,Mr,M HARIHARASUTHAN,921314205045,A,45,ita45,krishhari193@gmail.com,97
19,Feb,10,1,Ms,T.HARIPRIYA,921314205046,A,46,ita46,priyahp007@gmail.com,72
19,Feb,10,1,Ms,N HEMALATHA,921314205047,A,47,ita47,hemakutty26496@gmail.com,24
19,Feb,10,2,Ms,A HIMA KARTHIKA,921314205049,A,49,ita49,Karthihima111@gmail.com,31
19,Feb,10,5,Mr,A JAFFAR SADHIK,921314205050,A,50,ita50,jaffarsadhik@outlook.com,46
19,Feb,10,1,Ms,G JAYAPRIYA,921314205051,A,51,ita51,pjaya4408@gmail.com,16
19,Feb,9,58,Ms,JOHN BELINDA ANN,921314205052,A,52,ita52,johnbelindaanna@gmail.com,32
19,Feb,10,2,Ms,P S KAAVYA,921314205053,A,53,ita53,kaavyaps@psnacet.edu.in,48
19,Feb,10,1,Ms,G KALAI SELVI,921314205054,A,54,ita54,kalaiselvig@psnacet.edu.in,50
19,Feb,10,2,Ms,S KARPAGASHRI,921314205055,A,55,ita55,shrirafel7@gmail.com,26
19,Feb,9,59,Ms,N KARTHIGA,921314205056,A,56,ita56,karthigan@psnacet.edu.in,81
22,Feb,09,42,Mr,N B NARESH,921314205083,B,27,itb27,hseran16@gmail.com,44
22,Feb,09,43,Mr,S MATHESH,921314205072,B,16,itb16,matheeswaarans@psnacet.edu.in,15
22,Feb,09,44,Mr,M MOHAMED THARIQ,921314205074,B,18,itb18,mohamedthariqm@psnacet.edu.in,41
22,Feb,09,45,Mr,S NAREN,921314205082,B,26,itb26,snarenbtechit@gmail.com,92
22,Feb,09,45,Mr,M MUGESH,921314205075,B,19,itb19,mugeshm@psnacet.edu.in,43
22,Feb,09,49,Mr,M MOHAMED THARIQ,921314205074,B,18,itb18,mohamedthariqm@psnacet.edu.in,67
22,Feb,09,49,Mr,S MATHESWAARAN,921314205072,B,16,itb16,matheeswaarans@psnacet.edu.in,37
22,Feb,09,50,Mr,M MUGESH,921314205075,B,19,itb19,mugeshm@psnacet.edu.in,102
22,Feb,09,51,Ms,M KAMALA,123456789123,B,99,itb99,km@km.c,83
22,Feb,09,55,Mr,S MATHESWAARAN,921314205072,B,16,itb16,matheeswaarans@psnacet.edu.in,90
22,Feb,09,55,Mr,M MOHAMED THARIQ,921314205074,B,18,itb18,mohamedthariqm@psnacet.edu.in,64
22,Feb,09,58,Mr,M MOHAMED THARIQ,921314205074,B,18,itb18,mohamedthariqm@psnacet.edu.in,96
22,Feb,10,00,Mr,S NARENDRA PRASATH,921314205082,B,26,itb26,snarenbtechit@gmail.com,74
22,Feb,10,07,Mr,J PRADEEP,921314205092,B,36,itb36,jawaharpradeep001@gmail.com,79
22,Feb,10,09,Mr,J PRADEEP,921314205092,B,36,itb36,jawaharpradeep001@gmail.com,59
22,Feb,10,11,Mr,J PRADEEP,921314205092,B,36,itb36,jawaharpradeep001@gmail.com,23
22,Feb,10,12,Mr,M MUGESH,921314205075,B,19,itb19,mugeshm@psnacet.edu.in,13
22,Feb,10,14,Mr,GIRAN,921314205301,B,56,itb56,girankumar1997@gmail.com,24
22,Feb,10,14,Mr,T KARTHIKEYAN,921314205058,B,2,itb2,karthi28081997@gmail.com,92
22,Feb,10,15,Mr,K PRADEEP,921314205093,B,37,itb37,ckpdpmusiq@gmail.com,108
22,Feb,10,15,Mr,M MUGESH,921314205075,B,19,itb19,mugeshm@psnacet.edu.in,87
22,Feb,10,16,Mr,S NANDHA KUMAR,921314205080,B,24,itb24,nandhakumars@psnacet.edu.in,42
22,Feb,10,16,Mr,M NANDHAKUMAR,921314205079,B,23,itb23,nandhakumarm@psnacet.edu.in,97
22,Feb,10,16,Ms,U PRIYANKA,921314205100,B,43,itb43,PRIYANKANTM@GMAIL.COM,91
22,Feb,10,17,Mr,MADURAI MUTHU N,921314205067,B,11,itb11,maduraimuthuhockey@gmail.com,49
22,Feb,10,17,Mr,B NANDHA,921314205078,B,22,itb22,nandhak907@gmail.com,53
22,Feb,10,17,Ms,D MATHU VARSHINI,921314205073,B,17,itb17,ammudhanasekar02@gmail.com,96
22,Feb,10,17,Mr,P KATHIRVEL,921314205059,B,3,itb3,pandiyankathirvel@gmail.com,88
22,Feb,10,17,Mr,N PRAVEEN KUMAR,921314205096,B,40,itb40,praveenrajacm@gmail.com,32
22,Feb,10,17,Mr,S PRAVEEN KUMAR,921314205097,B,41,itb41,praveenkumar777spk@gmail.com,15
22,Feb,10,17,Ms,S MAHALAKSHMI,921314205068,B,12,itb12,mahaseenu36@gmail.com,98
22,Feb,10,17,Mr,MANIKANDANM,921314205070,B,14,itb14,volleyballmani97@gmail.com,21
22,Feb,10,17,Ms,M MUTHUPRIYA,921314205077,B,21,itb21,mpriya0308@gmail.com,104
22,Feb,10,18,Ms,G NIVETHA,921314205087,B,31,itb31,nive24071997@gmail.com,94
22,Feb,10,18,Mr,M MUGESH,921314205075,B,19,itb19,mugeshm17@gmail.com,47
22,Feb,10,18,Ms,M NIVETHA,921314205088,B,32,itb32,nivetha27mahalingam@gmail.com,54
22,Feb,10,18,Ms,Z MURSHITHA,921314205076,B,20,itb20,murishibegum@gmail.com,27
22,Feb,10,19,Ms,E MADHUMITHA,921314205066,B,10,itb10,madhumitha2121996@gmail.com,108
22,Feb,10,19,Ms,S LINGESWARI,921314205065,B,9,itb9,lingeshpravi28@gmail.com,72
22,Feb,10,19,Mr,M RAMACHANDRAN,921314205108,B,51,itb51,ajithrama1997@gmail.com,11
22,Feb,10,19,Ms,N RAJESWARI,921314205105,B,48,itb48,rajeswaripsna@gmail.com,59
22,Feb,10,19,Ms,R LAVANYA,921314205064,B,8,itb8,lavanyaragunathan2511@gmail.com,36
22,Feb,10,20,Mr, RAM KUMAR,921314205110,B,53,itb53,ram990103@gmail.com,51
22,Feb,10,20,Mr,T PRABU,921314205091,B,35,itb35,prabudeva1007@gmail.com,70
22,Feb,10,20,Ms,P NANDHINI,921314205081,B,25,itb25,RSPNANDHINI@GMAIL.COM,80
22,Feb,10,20,Mr,P V RAJEEV BABU,921314205103,B,46,itb46,rajeevbabu96@gmail.com,106
22,Feb,10,20,Mr,N PRANESH,921314205094,B,38,itb38,praneshn@psnacet.edu.in,78
22,Feb,10,21,Ms,K NITHYA LAKSHMI,921314205086,B,30,itb30,nithyalakshmikanniyakumar@gmail.com,31
22,Feb,10,21,Ms,S MALARSELVI,921314205069,B,13,itb13,malarselvi1515@gamil.com,47
22,Feb,10,21,Ms,K KEERTHANA,921314205061,B,5,itb5,keerthanak@psnacet.edu.in,33
22,Feb,10,21,Ms,L RAKSHANA,921314205107,B,50,itb50,rakshana832@gmail.com,37
22,Feb,10,21,Ms,V KOWSALYA,921314205062,B,6,itb6,kolakowsi5@gmail.com,14
22,Feb,10,22,Ms,S PAVITHRA,921314205090,B,34,itb34,pavi24selvam@gmail.com,45
22,Feb,10,22,Mr,K RAHUL RAJ,921314205102,B,45,itb45,rahulrajk@psnacet.edu.in,95
22,Feb,10,22,Ms,C PRAVEENA,921314205095,B,39,itb39,steffim6282@gmail.com,70
22,Feb,10,22,Ms,A KEERTHANA,921314205060,B,4,itb4,shanthni1997@gmail.com,107
22,Feb,10,22,Ms,K KARTHIKA,921314205057,B,1,itb1,karthikasri10@gmail.com,48
22,Feb,10,22,Ms,P LAVANYA,921314205063,B,7,itb7,lavanyap@psnacet.edu.in,104
22,Feb,10,23,Ms,S R MANORITAA,921314205071,B,15,itb15,manoritaa97@gmail.com,101
22,Feb,10,23,Ms,T PREETHIKA,921314205099,B,42,itb42,PREETHIKATAMIL02@GMAIL.COM,11
22,Feb,10,26,Ms,M PATHMAVATHI,921314205089,B,33,itb33,pathmavathim@psnacet.edu.in,33
22,Feb,10,26,Mr,P NIRMAL,921314205085,B,29,itb29,pnirmal@gmail.com,12
22,Feb,10,26,Ms,R RAMYA DEVI,921314205112,B,55,itb55,ramyadevir@psnacet.edu.in,42
22,Feb,10,27,Mr,A NAVEETH AJMAL,921314205084,B,28,itb28,naveethajmal5@gmail.com,65
22,Feb,10,27,Ms,S MAHALAKSHMI,921314205068,B,12,itb12,mahaseenu36@gmail.com,37
22,Feb,10,29,Ms,L RAKSHANA,921314205107,B,50,itb50,rakshana832@gmail.com,12
22,Feb,10,29,Ms,S R MANORITAA,921314205071,B,15,itb15,manoritaa97@gmail.com,23
22,Feb,10,29,Ms,A KEERTHANA,921314205060,B,4,itb4,shanthni1997@gmail.com,71
22,Feb,10,30,Mr,P NIRMAL,921314205085,B,29,itb29,pnirmal@gmail.com,14
22,Feb,10,30,Ms,T PREETHIKA,921314205099,B,42,itb42,PREETHIKATAMIL02@GMAIL.COM,43
22,Feb,10,30,Mr,A NAVEETH AJMAL,921314205084,B,28,itb28,naveethajmal5@gmail.com,65
22,Feb,10,31,Ms,R RAMYA DEVI,921314205112,B,55,itb55,ramyadevir@psnacet.edu.in,36
22,Feb,10,32,Ms,S MAHALAKSHMI,921314205068,B,12,itb12,mahaseenu36@gmail.com,43
22,Feb,10,33,Ms,S R MANORITAA,921314205071,B,15,itb15,manoritaa97@gmail.com,55
22,Feb,10,33,Ms,L RAKSHANA,921314205107,B,50,itb50,rakshana832@gmail.com,66
22,Feb,10,35,Mr,S NARENDRA PRASATH,921314205082,B,26,itb26,snarenbtechit@gmail.com,48
22,Feb,10,35,Ms,R RAMYADEVI,921314205112,B,55,itb55,ramyadevi@psnacet.edu.in,38
22,Feb,14,15,Ms,T YOKHA DAISI,921314205162,C,50,itc50,yokhadaisit@psnacet.edu.in,69
22,Feb,14,18,Mr,SANTHOSH KUMAR C,921314205126,C,14,itc14,santhoshkumarc@psnacet.edu.in,47
22,Feb,14,22,Mr,SANTHOSH KUMAR C,921314205126,C,14,itc14,santhoshkumarc@psnacet.edu.in,53
22,Feb,14,27,Mr,M VIGNESH,921314205153,C,41,itc41,saivigneshvolley@gmail.com,34
22,Feb,14,27,Mr,M SAKTHI GANESH,921314205123,C,11,itc11,sakthiganeshm@psnacet.edu.in,102
22,Feb,14,28,Ms,K THAHIRA SHREEN,921314205149,C,37,itc37,thahirashreenk@psnacet.edu.in,58
22,Feb,14,28,Ms,RM SOWMIA LAXMI,921314205136,C,24,itc24,sowmiarm@gmail.com,44
22,Feb,14,28,Mr,SATHISH,921314205129,C,17,itc17,sathishp@psnacet.edu.in,66
22,Feb,14,29,Mr,SURENDHAR A,921314205144,C,32,itc32,kuttisurendhar2013@gmail.com,12
22,Feb,14,29,Ms,M SOUNDHARYA,921314205135,C,23,itc23,soundharyam@psnacet.edu.in,64
22,Feb,14,29,Ms,B SUBHA,921314205139,C,27,itc27,subhaVRC579@gmail.com,34
22,Feb,14,29,Ms,SSHARMILA DEVI J,921314205133,C,21,itc21,SHAsharmiladevi18088@gmail.com,45
22,Feb,14,29,Ms,B RINNAH RAJALAKSHMI,921314205116,C,4,itc4,rinnahrajalakshmi.b@psnacet.edu.in,71
22,Feb,14,29,Mr,V VIGNESH,921314205154,C,42,itc42,vigneshv@psnacet.edu.in,87
22,Feb,14,29,Ms,S SELVALAKSHMI,921314205130,C,18,itc18,selvalakshmis@psnacet.edu.in,50
22,Feb,14,29,Ms,S SRI RAAMITHA,921314205138,C,26,itc26,sriraamithas@psnacet.edu.in,105
22,Feb,14,29,Ms,A VAITHEESWARI,921314205150,C,38,itc38,vaitheeswaria@psnacet.edu.in,46
22,Feb,14,29,Ms,I SOWMIYA,921314205137,C,25,itc25,sowmiyai@psnacet.edu.in,84
22,Feb,14,30,Ms,T SANGEETHA,921314205125,C,13,itc13,sangeethatmurugan@gmail.com,76
22,Feb,14,30,Mr,VIGNESH KUMAR,921314205155,C,43,itc43,vigneshkumarr@psnacet.edu.in,14
22,Feb,14,30,Ms,A SHARMILA BANU,921314205132,C,20,itc20,sharmilabanu392@gmail.com,25
22,Feb,14,30,Ms,K SUPRIYA,921314205142,C,30,itc30,supriyak@psnacet.edu.in,93
22,Feb,14,30,Ms,G SHAGANA,921314205131,C,19,itc19,shaganakapoor@gmail.com,89
22,Feb,14,30,Mr,C VINITH,921314205158,C,46,itc46,vinithc@psnacet.edu.in,67
22,Feb,14,30,Ms,L VINITHA,921314205159,C,47,itc47,vini3sa444@gmail.com,22
22,Feb,14,30,Ms,S YUVARANI,921314205163,C,51,itc51,saiyuvarani@gmail.com,93
22,Feb,14,30,Mr,O S SURYA NARAYANAN,921314205145,C,33,itc33,suryanarayananos@psnacet.edu.in,35
22,Feb,14,30,Mr,P VENKATESH PRASAD,921314205152,C,40,itc40,venkateshprasadp@psnacet.edu.in,87
22,Feb,14,30,Mr,V VIGNESH,921314205154,C,42,itc42,vigneshv@psnacet.edu.in,19
22,Feb,14,30,Ms,C VIJI,921314205157,C,45,itc45,vijichandrasekaran01@gmail.com,18
22,Feb,14,31,Mr,VIGNESH,921314205156,C,44,itc44,vigneshpandiang@psnacet.edu.in,77
22,Feb,14,31,Mr,YOGESH A,921314205161,C,49,itc49,yogesha@psnacet.edu.in,88
22,Feb,14,31,Ms,B VISHALACHI,921314205160,C,48,itc48,vishalachib@psnacet.edu.in,86
22,Feb,14,31,Mr,M SOUNDAR,921314205134,C,22,itc22,soundarm@psnacet.edu.in,60
22,Feb,14,31,Ms,S SAKTHI,921314205122,C,10,itc10,SAKTHIsakthis@psna.edu.in,48
22,Feb,14,31,Ms,SANGEETHA J R,921314205124,C,12,itc12,sangeethajr@psnacet.edu.in,90
22,Feb,14,31,Ms,J YUVASRI,921314205165,C,53,itc53,yuvasrij@psnacet.edu.in,60
22,Feb,14,31,Ms,R YUVASHREE,921314205164,C,52,itc52,yuvashreer@psnacet.edu.in,84
22,Feb,14,31,Mr,V VIGNESH,921314205154,C,42,itc42,vigneshv@psnacet.edu.in,27
22,Feb,14,32,Mr,SURENDAR P,921314205143,C,31,itc31,surendarp10p@gmail.com,84
22,Feb,14,32,Ms,M VASANTHA PRIYA,921314205151,C,39,itc39,vasanthsumathi1996@gmail.com,60
22,Feb,14,32,Ms,D ROSHINIMALA,921314205118,C,6,itc6,roshinimalad@psnacet.edu.in,51
22,Feb,14,32,Ms,M SARANYA,921314205127,C,15,itc15,saranyam@psnacet.edu.in,48
22,Feb,14,33,Ms,S SURYA PRABHA,921314205146,C,34,itc34,suryaprabhas@psnacet.edu.in,109
22,Feb,14,33,Mr,V VIGNESH,921314205154,C,42,itc42,vigneshv@psnacet.edu.in,64
22,Feb,14,33,Mr,YOGESH A,921314205161,C,49,itc49,yogesha@psnacet.edu.in,78
22,Feb,14,33,Ms,SHAMA,921314205148,C,36,itc36,shamapsna97@gmail.com,69
22,Feb,14,33,Ms,V RATHI RENUGA,921314205114,C,2,itc2,rathirenugav@psnacet.edyu.in,76
22,Feb,14,35,Ms,M SAKTHEESWARI,921314205121,C,9,itc9,sakthim10973@gmail.com,13
22,Feb,14,37,Mr,V VIGNESH,921314205154,C,42,itc42,vigneshv@psnacet.edu.in,21
22,Feb,14,37,Mr,P VENKATESH PRASAD,921314205152,C,40,itc40,venkateshprasadp@psnacet.edu.in,11
22,Feb,14,37,Ms,SWATHI,921314205147,C,35,itc35,swathimarimuthu1997@gmail.com,89
22,Feb,14,40,Ms,RANGEELA M,921314205113,C,1,itc1,rangeeladinesh@gmail.com,81
22,Feb,14,42,Ms,RISHNIDHA N,921314205117,C,5,itc5,rishinidhan@psnacet.edu.in,96
22,Feb,14,44,Ms,SAFAMEERA,921314205120,C,0,itc0,safameerak@psnacet.edu.in,45
22,Feb,14,47,Ms,SAFAMEERA,921314205120,C,8,itc8,safameerak@psnacet.edu.in,95
22,Feb,15,33,Mr,YOGESH A,921314205161,C,49,itc49,yogesha@psnacet.edu.in,106
